activitat_id,bloc,tema,revisat
CB2ESO_CTE_2024_A1,Matèria i energia,L’escalfament global,no
CB2ESO_CTE_2024_A2,Tecnologia,Construïm un hivernacle,no
CB2ESO_CTE_2024_A3,Terra i sostenibilitat,Investiguem al laboratori,no
CB2ESO_CTE_2024_A4,Vida i salut,"Camina, fes salut!",no
CB2ESO_CTE_2025_A1,Terra i sostenibilitat,Les begudes isotòniques,no
CB2ESO_CTE_2025_A2,Matèria i energia,La cursa més ràpida de la història,no
CB2ESO_CTE_2025_A3,Tecnologia,Bàsquet App,no
CB2ESO_CTE_2026_A1,Matèria i energia,L’etiqueta d’eficiència energètica,no
CB2ESO_CTE_2026_A2,Tecnologia,La desaparició de les abelles,no
CB2ESO_CTE_2026_A3,Terra i sostenibilitat,Les estacions meteorològiques,no
CB2ESO_MAT_2024_A1,Estadística i atzar,Com anem a l'institut / L'aparcament de l'institut,no
CB2ESO_MAT_2024_A2,Numeració i càlcul,El bus escolar,no
CB2ESO_MAT_2024_A3,Espai i forma,El barri de la Lídia i el Marc,no
CB2ESO_MAT_2024_A4,Canvi i relacions,Bitllets de metro,no
CB2ESO_MAT_2025_A1,Canvi i relacions,El projecte del pati,no
CB2ESO_MAT_2025_A2,Numeració i càlcul,El joc de la diana,no
CB2ESO_MAT_2025_A3,Canvi i relacions,Programem un robot,no
CB2ESO_MAT_2025_A4,Espai i forma,Capses de cartró,no
CB2ESO_MAT_2026_A1,Canvi i relacions,La festa d’aniversari,no
CB2ESO_MAT_2026_A2,Espai i forma,Rajoles quadrades,no
CB2ESO_MAT_2026_A3,Canvi i relacions,La bicicletada popular,no
CB2ESO_MAT_2026_A4,Canvi i relacions,Recollim l’aigua de la pluja,no
CB4ESO_CTE_2021_A1,Matèria i energia,Les crispetes,no
CB4ESO_CTE_2021_A2,Matèria i energia,"L'aigua, una substància molt especial",no
CB4ESO_CTE_2021_A3,Matèria i energia,Producció i conservació d'aliments,no
CB4ESO_CTE_2021_A4,Tecnologia,Els ferrocarrils,no
CB4ESO_CTE_2022_A1,Terra i sostenibilitat,Un mar de plàstics,no
CB4ESO_CTE_2022_A2,Matèria i energia,Els secrets ocults dels ibers,no
CB4ESO_CTE_2022_A3,Terra i sostenibilitat,Alerta: tsunami!,no
CB4ESO_CTE_2022_A4,Matèria i energia,Protegim-nos del Sol,no
CB4ESO_CTE_2023_A1,Tecnologia,Leds i salut,no
CB4ESO_CTE_2023_A2,Terra i sostenibilitat,Tornem a la Lluna,no
CB4ESO_CTE_2023_A3,Matèria i energia,L'acidificació dels oceans,no
CB4ESO_CTE_2023_A4,Matèria i energia,Piles i bateries,no
CB4ESO_CTE_2024_A1,Vida i salut,Sense gluten,no
CB4ESO_CTE_2024_A2,Matèria i energia,Calderes de biomassa,no
CB4ESO_CTE_2024_A3,Vida i salut,La invasió de les meduses,no
CB4ESO_CTE_2024_A4,Matèria i energia,Impressió en 3D,no
CB4ESO_CTE_2025_A1,Terra i sostenibilitat,La qualitat de l’aire a l’aula,no
CB4ESO_CTE_2025_A2,Vida i salut,L’ecolocalització en els dofins,no
CB4ESO_CTE_2025_A3,Matèria i energia,Centrals hidroelèctriques reversibles,no
CB4ESO_CTE_2025_A4,Matèria i energia,Aigua al planeta Mart,no
CB4ESO_CTE_2026_A1,Terra i sostenibilitat,L’hidrogen verd,no
CB4ESO_CTE_2026_A2,Vida i salut,Donar sang és donar vida,no
CB4ESO_CTE_2026_A3,Matèria i energia,Observació de la fauna salvatge,no
CB4ESO_MAT_2021_A1,Espai i forma,Atletisme,no
CB4ESO_MAT_2021_A2,Numeració i càlcul,Artesania a la xarxa,no
CB4ESO_MAT_2021_A3,Canvi i relacions,Escacs,no
CB4ESO_MAT_2021_A4,Numeració i càlcul,El joc de bitlles,no
CB4ESO_MAT_2021_A5,Canvi i relacions,Producció i preu,no
CB4ESO_MAT_2021_A6,Estadística i atzar,Màgia,no
CB4ESO_MAT_2022_A1,Espai i forma,Les rajoles,no
CB4ESO_MAT_2022_A2,Espai i forma,Objectes cilíndrics,no
CB4ESO_MAT_2022_A3,Canvi i relacions,La memòria del mòbil,no
CB4ESO_MAT_2022_A4,Estadística i atzar,El joc de construcció,no
CB4ESO_MAT_2022_A5,Canvi i relacions,Juguem a bàsquet,no
CB4ESO_MAT_2022_A6,Canvi i relacions,El projecte de l'aigua,no
CB4ESO_MAT_2023_A1,Numeració i càlcul,Internet al món,no
CB4ESO_MAT_2023_A2,Canvi i relacions,Fitxes,no
CB4ESO_MAT_2023_A3,Estadística i atzar,Daus,no
CB4ESO_MAT_2023_A4,Espai i forma,Fulls de paper DIN,no
CB4ESO_MAT_2023_A5,Canvi i relacions,Impressió de fotografies,no
CB4ESO_MAT_2023_A6,Espai i forma,Errors de mesura,no
CB4ESO_MAT_2024_A1,Canvi i relacions,Venda per internet,no
CB4ESO_MAT_2024_A2,Espai i forma,Els cornets de gelat,no
CB4ESO_MAT_2024_A3,Espai i forma,Plegant paper,no
CB4ESO_MAT_2024_A4,Canvi i relacions,Gimnàs i abonaments,no
CB4ESO_MAT_2024_A5,Espai i forma,Làmpada octaèdrica,no
CB4ESO_MAT_2025_A1,Canvi i relacions,El medicament,no
CB4ESO_MAT_2025_A2,Espai i forma,La reforma del mercat,no
CB4ESO_MAT_2025_A3,Estadística i atzar,Un joc de cartes,no
CB4ESO_MAT_2025_A4,Espai i forma,Lloguer de para-sols,no
CB4ESO_MAT_2025_A5,Espai i forma,El viatge de 4t d’ESO,no
CB4ESO_MAT_2026_A1,Espai i forma,L'ascensor,no
CB4ESO_MAT_2026_A2,Numeració i càlcul,Els paquets de llaunes,no
CB4ESO_MAT_2026_A3,Canvi i relacions,L'hotel,no
CB4ESO_MAT_2026_A4,Estadística i atzar,Botons,no
